post_id,text,post_text,shared_text,original_text,time,timestamp,image,image_lowquality,images,images_description,images_lowquality,images_lowquality_description,video,video_duration_seconds,video_height,video_id,video_quality,video_size_MB,video_thumbnail,video_watches,video_width,likes,comments,shares,post_url,link,links,user_id,username,user_url,is_live,factcheck,shared_post_id,shared_time,shared_user_id,shared_username,shared_post_url,available,comments_full,reactors,w3_fb_url,reactions,reaction_count,with,page_id,sharers,image_id,image_ids,was_live,Sentiment,Polarity
5399198646782638,"PTI Chairman Imran Khan announced that his ""Azadi March"", his much awaited long march, will arrive in Islamabad on May 25 and asked his workers to meet him at 3pm at the federal capital's Srinagar Highway.

Khan made the announcement while holding a press conference in Peshawar after concluding a meeting of the PTI's core committee.

The former prime minister was flanked by several PTI leaders, including Shah Mahmood Qureshi and Mahmood Khan.

Read details: https://www.thenews.com.pk/latest/959876-pti-chairman-imran-khan-announces-long-march-says-will-arrive-in-islamabad-on-may-25

#TheNews","PTI Chairman Imran Khan announced that his ""Azadi March"", his much awaited long march, will arrive in Islamabad on May 25 and asked his workers to meet him at 3pm at the federal capital's Srinagar Highway.

Khan made the announcement while holding a press conference in Peshawar after concluding a meeting of the PTI's core committee.

The former prime minister was flanked by several PTI leaders, including Shah Mahmood Qureshi and Mahmood Khan.

Read details: https://www.thenews.com.pk/latest/959876-pti-chairman-imran-khan-announces-long-march-says-will-arrive-in-islamabad-on-may-25

#TheNews",,,2022-05-22 18:26:03,1653225963,https://scontent.fkhi17-1.fna.fbcdn.net/v/t39.30808-6/283532485_5399198120116024_8309457335041617569_n.png?_nc_cat=107&ccb=1-7&_nc_sid=8024bb&_nc_ohc=eNiU-QIBOGAAX93ljgy&_nc_ht=scontent.fkhi17-1.fna&oh=00_AT9PJZRdD1mJG6dRLC47k5g4F1rgNUHZ0sPLGvYX8eYn2w&oe=628F30B1,https://scontent.fkhi17-1.fna.fbcdn.net/v/t39.30808-6/283532485_5399198120116024_8309457335041617569_n.png?stp=dst-png_p320x320&_nc_cat=107&ccb=1-7&_nc_sid=8024bb&_nc_ohc=eNiU-QIBOGAAX93ljgy&_nc_ht=scontent.fkhi17-1.fna&oh=00_AT_udve5KmFtIh-9-FTwlgUiXk2xG5FCq4_yKZ2NxUBhPw&oe=628F30B1,['https://scontent.fkhi17-1.fna.fbcdn.net/v/t39.30808-6/283532485_5399198120116024_8309457335041617569_n.png?_nc_cat=107&ccb=1-7&_nc_sid=8024bb&_nc_ohc=eNiU-QIBOGAAX93ljgy&_nc_ht=scontent.fkhi17-1.fna&oh=00_AT9PJZRdD1mJG6dRLC47k5g4F1rgNUHZ0sPLGvYX8eYn2w&oe=628F30B1'],"[""May be an image of 4 people, people sitting, people standing and text that says 'PTI Chairman Imran Khan announces long march, says will arrive in Islamabad on May 25 INTERNATIONAL THENEWS WWW.THENEWS.COM.PK'""]",['https://scontent.fkhi17-1.fna.fbcdn.net/v/t39.30808-6/283532485_5399198120116024_8309457335041617569_n.png?stp=dst-png_p320x320&_nc_cat=107&ccb=1-7&_nc_sid=8024bb&_nc_ohc=eNiU-QIBOGAAX93ljgy&_nc_ht=scontent.fkhi17-1.fna&oh=00_AT_udve5KmFtIh-9-FTwlgUiXk2xG5FCq4_yKZ2NxUBhPw&oe=628F30B1'],"[""May be an image of 4 people, people sitting, people standing and text that says 'PTI Chairman Imran Khan announces long march, says will arrive in Islamabad on May 25 INTERNATIONAL THENEWS WWW.THENEWS.COM.PK'""]",,,,,,,,,,67,20,0,https://facebook.com/TheNewsInternational/posts/5399198646782638,https://www.thenews.com.pk/latest/959876-pti-chairman-imran-khan-announces-long-march-says-will-arrive-in-islamabad-on-may-25,"[{'link': '/story.php?story_fbid=pfbid02v4P3Mdp3zZbjtSZop9dW4jmt6eeSJ2r9oNDmXa6rgdwfymky1DrBpWvV91m9u6rHl&id=131257086910180&locale2=en_US', 'text': 'More'}, {'link': 'https://lm.facebook.com/l.php?u=https%3A%2F%2Fwww.thenews.com.pk%2Flatest%2F959876-pti-chairman-imran-khan-announces-long-march-says-will-arrive-in-islamabad-on-may-25&h=AT1vXWSq6x6-pwf-HqEpIxQ5mTTylmIakeh8Mcncap98ymftras-iybIjUmQiCp52BHv5gr4PG4P262fAp91Xc5alCkZJau7aNBFliXQWvooiYrean8JmgCFMGKtspSJn2DTJB99ZHzWWRBJnRPCcO9JO8lGnJSWQWp12_1ffmmeWz72AnKQ5fAGR50U', 'text': 'https://www.thenews.com.pk/latest/959876-pti-chairman-imran-khan-announces-long-march-says-will-arrive-in-islamabad-on-may-25'}, {'link': '/hashtag/thenews?locale2=en_US&__tn__=%2As-R', 'text': '#TheNews'}]",131257086910180,The News,https://facebook.com/TheNewsInternational/?locale2=en_US&__tn__=C-R,False,,,,,,,True,,,,,,,131257086910180,,5399198133449356.0,['5399198133449356'],False,1,0.5967397
5398045730231263,"The Islamabad High Court on Saturday night released PTI leader Shireen Mazari and ordered the federal government to hold a judicial inquiry into her arrest. Mazari was arrested during the day from outside her house in Islamabad by the Punjab Anti-Corruption Establishment in a land case.

The ex-minister was presented in IHC CJ Athar Minallah’s court as the judge had earlier ordered production of Mazari before him at 11:30pm after her daughter Imaan Zainab Mazari filed a plea against her mother’s arrest. The IHC CJ, noting that the arrest was apparently illegal, ordered the immediate release of Mazari and asked the authorities to return the ex-federal minister’s phone to her.

Addressing Shireen Mazari, the CJ said the arrest was regrettable, adding that when you were in the government, similar incidents had happened. He said when there was no respect for the Constitution, such incidents ought to occur. He said it was high time the political leadership thought about it.

Read more: https://www.thenews.com.pk/print/959672-ace-arrests-ihc-frees-shireen-mazari

#TheNews","The Islamabad High Court on Saturday night released PTI leader Shireen Mazari and ordered the federal government to hold a judicial inquiry into her arrest. Mazari was arrested during the day from outside her house in Islamabad by the Punjab Anti-Corruption Establishment in a land case.

The ex-minister was presented in IHC CJ Athar Minallah’s court as the judge had earlier ordered production of Mazari before him at 11:30pm after her daughter Imaan Zainab Mazari filed a plea against her mother’s arrest. The IHC CJ, noting that the arrest was apparently illegal, ordered the immediate release of Mazari and asked the authorities to return the ex-federal minister’s phone to her.

Addressing Shireen Mazari, the CJ said the arrest was regrettable, adding that when you were in the government, similar incidents had happened. He said when there was no respect for the Constitution, such incidents ought to occur. He said it was high time the political leadership thought about it.

Read more: https://www.thenews.com.pk/print/959672-ace-arrests-ihc-frees-shireen-mazari

#TheNews",,,2022-05-22 09:42:37,1653194557,,,[],[],[],[],,,,,,,,,,12,6,0,https://facebook.com/TheNewsInternational/posts/5398045730231263,https://www.thenews.com.pk/print/959672-ace-arrests-ihc-frees-shireen-mazari,"[{'link': '/story.php?story_fbid=pfbid0365VGhGPwghtdRypgCYawQeBeoKSwF6myWFsWLsnswZrmQHJSgycVnBBk976sPdTvl&id=131257086910180&locale2=en_US', 'text': 'More'}, {'link': 'https://lm.facebook.com/l.php?u=https%3A%2F%2Fwww.thenews.com.pk%2Fprint%2F959672-ace-arrests-ihc-frees-shireen-mazari&h=AT06FFbf0LF_BExJGM4GAAubwBwCmXpc-ukU21tkmmGPJLDZsl6IqZj1vQxVo6mnUPRy_m8TSXl5_mYXHpd3Yf3mNUfkzDg8h1JL2ohFxph7vAC7jGIn6a_1mqRxZi6X0z8n1wfYmFb3ruCFCTo1s5ThOK-1faCLa2m59YrIiytHjEBFgm3yoWfP5RoI', 'text': 'https://www.thenews.com.pk/print/959672-ace-arrests-ihc-frees-shireen-mazari'}, {'link': '/hashtag/thenews?locale2=en_US&__tn__=%2As-R', 'text': '#TheNews'}]",131257086910180,The News,https://facebook.com/TheNewsInternational/?locale2=en_US&__tn__=C-R,False,,,,,,,True,,,,,,,131257086910180,,,[],False,1,0.8163657
5397999096902593,"The Ukraine war looms large as the World Health Organisation opens its main annual assembly, threatening to overshadow efforts on other health crises and a reform push aimed at preventing future pandemics.

The UN health agency will kick off its 75th World Health Assembly Sunday afternoon, convening its 194 member states for their first largely in-person gathering since Covid-19 surfaced in late 2019.

The agenda will remain focused on the continuing coronavirus crisis and efforts to avert future pandemics.

Read more: https://tinyurl.com/y26jwovc

#TheNews","The Ukraine war looms large as the World Health Organisation opens its main annual assembly, threatening to overshadow efforts on other health crises and a reform push aimed at preventing future pandemics.

The UN health agency will kick off its 75th World Health Assembly Sunday afternoon, convening its 194 member states for their first largely in-person gathering since Covid-19 surfaced in late 2019.

The agenda will remain focused on the continuing coronavirus crisis and efforts to avert future pandemics.

Read more: https://tinyurl.com/y26jwovc

#TheNews",,,2022-05-22 09:21:06,1653193266,https://scontent.fkhi17-1.fna.fbcdn.net/v/t39.30808-6/281421319_5397998923569277_5633836456419672473_n.png?_nc_cat=106&ccb=1-7&_nc_sid=8024bb&_nc_ohc=w5bVRdzluUAAX8Isn1P&_nc_ht=scontent.fkhi17-1.fna&oh=00_AT-KAaYRGvxRmvKhbxO0nbFEiy4HtHu4du0PFRzTRJXcjw&oe=628F152C,https://scontent.fkhi17-1.fna.fbcdn.net/v/t39.30808-6/281421319_5397998923569277_5633836456419672473_n.png?stp=dst-png_p320x320&_nc_cat=106&ccb=1-7&_nc_sid=8024bb&_nc_ohc=w5bVRdzluUAAX8Isn1P&_nc_ht=scontent.fkhi17-1.fna&oh=00_AT-rTSqM8rufoWQjMXQ2J-Sc6czXamPiDnQJS2j11EY9Ew&oe=628F152C,['https://scontent.fkhi17-1.fna.fbcdn.net/v/t39.30808-6/281421319_5397998923569277_5633836456419672473_n.png?_nc_cat=106&ccb=1-7&_nc_sid=8024bb&_nc_ohc=w5bVRdzluUAAX8Isn1P&_nc_ht=scontent.fkhi17-1.fna&oh=00_AT-KAaYRGvxRmvKhbxO0nbFEiy4HtHu4du0PFRzTRJXcjw&oe=628F152C'],"[""May be an image of outdoors and text that says '50 Ukraine war, pandemic push to colour WHO international meet INTERNATIONAL THENEWS THE WWW.THENEWS.COM.PK'""]",['https://scontent.fkhi17-1.fna.fbcdn.net/v/t39.30808-6/281421319_5397998923569277_5633836456419672473_n.png?stp=dst-png_p320x320&_nc_cat=106&ccb=1-7&_nc_sid=8024bb&_nc_ohc=w5bVRdzluUAAX8Isn1P&_nc_ht=scontent.fkhi17-1.fna&oh=00_AT-rTSqM8rufoWQjMXQ2J-Sc6czXamPiDnQJS2j11EY9Ew&oe=628F152C'],"[""May be an image of outdoors and text that says '50 Ukraine war, pandemic push to colour WHO international meet INTERNATIONAL THENEWS THE WWW.THENEWS.COM.PK'""]",,,,,,,,,,11,0,0,https://facebook.com/TheNewsInternational/posts/5397999096902593,https://tinyurl.com/y26jwovc,"[{'link': '/story.php?story_fbid=pfbid0amR43ZLVBvMNXvSzaMf43pyBt7Et5epTybKTr33XdTMxAoYCSKSpQhgE9Fcz68dEl&id=131257086910180&locale2=en_US', 'text': 'More'}, {'link': 'https://lm.facebook.com/l.php?u=https%3A%2F%2Ftinyurl.com%2Fy26jwovc&h=AT0MuTrPPh4S3ZEO_AIKvd1HQB4NgEgz_2a3_I4ZzukphMAEAweCnMqTXLHglZPXbzGJ9NLjDHmro9USSIcW2ZmnPDZDsdG4um2_1_0OIJYThWDeylrlNN42nisB9_OsIoSm0ZEkZtOEh6rga2twhKe4qrq-4f5U0tK1M88L4ytepauLQtkXHmsAMbLM', 'text': 'https://tinyurl.com/y26jwovc'}, {'link': '/hashtag/thenews?locale2=en_US&__tn__=%2As-R', 'text': '#TheNews'}]",131257086910180,The News,https://facebook.com/TheNewsInternational/?locale2=en_US&__tn__=C-R,False,,,,,,,True,,,,,,,131257086910180,,5397998933569276.0,['5397998933569276'],False,1,0.966272
5396450513724118,"The Islamabad High Court (IHC) has ordered relevant authorities to produce ex-human rights minister and PTI leader Dr Shireen Mazari before the court at 11:30pm today.

Punjab’s anti-corruption department had arrested PTI leader Mazari today afternoon, but hours after the authority's move, Chief Minister Punjab Hamza Shahbaz ordered her immediate release.

The former human rights minister, according to Geo News, was taken into custody in a case related to the encroachment of a piece of land in District Rajanpur.

Read details: https://www.thenews.com.pk/latest/959586-pti-leader-shireen-mazari-arrested-in-islamabad-sources

#TheNews","The Islamabad High Court (IHC) has ordered relevant authorities to produce ex-human rights minister and PTI leader Dr Shireen Mazari before the court at 11:30pm today.

Punjab’s anti-corruption department had arrested PTI leader Mazari today afternoon, but hours after the authority's move, Chief Minister Punjab Hamza Shahbaz ordered her immediate release.

The former human rights minister, according to Geo News, was taken into custody in a case related to the encroachment of a piece of land in District Rajanpur.

Read details: https://www.thenews.com.pk/latest/959586-pti-leader-shireen-mazari-arrested-in-islamabad-sources

#TheNews",,,2022-05-21 21:38:01,1653151081,https://scontent.fkhi17-1.fna.fbcdn.net/v/t39.30808-6/283061564_5396450090390827_7065200755708736537_n.png?_nc_cat=104&ccb=1-7&_nc_sid=8024bb&_nc_ohc=Rr8kW-nt6WwAX_YTmLV&_nc_ht=scontent.fkhi17-1.fna&oh=00_AT9mig1VWBYJneA-sLVDGa7iYF6RN9aVwwqQTyMVbkWhVQ&oe=628F11FF,https://scontent.fkhi17-1.fna.fbcdn.net/v/t39.30808-6/283061564_5396450090390827_7065200755708736537_n.png?stp=dst-png_p320x320&_nc_cat=104&ccb=1-7&_nc_sid=8024bb&_nc_ohc=Rr8kW-nt6WwAX_YTmLV&_nc_ht=scontent.fkhi17-1.fna&oh=00_AT-C0TB7mGWifBP9ssTOMORKJVI_6aN28vOcYOhUTuWsfQ&oe=628F11FF,['https://scontent.fkhi17-1.fna.fbcdn.net/v/t39.30808-6/283061564_5396450090390827_7065200755708736537_n.png?_nc_cat=104&ccb=1-7&_nc_sid=8024bb&_nc_ohc=Rr8kW-nt6WwAX_YTmLV&_nc_ht=scontent.fkhi17-1.fna&oh=00_AT9mig1VWBYJneA-sLVDGa7iYF6RN9aVwwqQTyMVbkWhVQ&oe=628F11FF'],"[""May be an image of 9 people, car, outdoors and text that says 'Produce Shireen Mazari at 11:30pm today, IHC orders INTERNATIONAL THENEWS WWW.THENEWS.COM.PK'""]",['https://scontent.fkhi17-1.fna.fbcdn.net/v/t39.30808-6/283061564_5396450090390827_7065200755708736537_n.png?stp=dst-png_p320x320&_nc_cat=104&ccb=1-7&_nc_sid=8024bb&_nc_ohc=Rr8kW-nt6WwAX_YTmLV&_nc_ht=scontent.fkhi17-1.fna&oh=00_AT-C0TB7mGWifBP9ssTOMORKJVI_6aN28vOcYOhUTuWsfQ&oe=628F11FF'],"[""May be an image of 9 people, car, outdoors and text that says 'Produce Shireen Mazari at 11:30pm today, IHC orders INTERNATIONAL THENEWS WWW.THENEWS.COM.PK'""]",,,,,,,,,,67,20,2,https://facebook.com/TheNewsInternational/posts/5396450513724118,https://www.thenews.com.pk/latest/959586-pti-leader-shireen-mazari-arrested-in-islamabad-sources,"[{'link': '/story.php?story_fbid=pfbid02aoNz2kPAdRVwLczzXnW4kY35tbiNkjatKV59g8jfUeMxVzh1pm2WbSEgsmqoS1sjl&id=131257086910180&locale2=en_US', 'text': 'More'}, {'link': 'https://lm.facebook.com/l.php?u=https%3A%2F%2Fwww.thenews.com.pk%2Flatest%2F959586-pti-leader-shireen-mazari-arrested-in-islamabad-sources&h=AT1aAz2wkBye2eye9AwCM_i4I52NX-c5ETGTTEXNnFpHl2WwP0UNpCZT5BBs-BbsUZzQwTiTE-peOymeb_MbkWSY0ezzHjWNjJVefOC3062hzrtKj-9Ux0ypXN9CScwN-RzzmxJbnrcKkD3reeM5PI-iUgF0GEjonjEVhHijXUjvEgXqbqhcF41pJI5W', 'text': 'https://www.thenews.com.pk/latest/959586-pti-leader-shireen-mazari-arrested-in-islamabad-sources'}, {'link': '/hashtag/thenews?locale2=en_US&__tn__=%2As-R', 'text': '#TheNews'}]",131257086910180,The News,https://facebook.com/TheNewsInternational/?locale2=en_US&__tn__=C-R,False,,,,,,,True,,,,,,,131257086910180,,5396450103724159.0,['5396450103724159'],False,1,0.7989205
5396166833752486,"PML-N Vice President Maryam Nawaz said that she is ""not happy"" with PTI leader and former human rights minister Shireen Mazari's arrest.

""I was not happy to learn about Mazari's arrest, but I saw on TV that the case against her was established during Buzdar's government and it was related to an 800-acre land which belonged to the state,"" Maryam said during an interaction with PML-N's social media team.

Maryam said the anti-corruption department had arrested Mazari, adding that ""they must've had their reasons.""

Read details: https://www.thenews.com.pk/latest/959639-maryam-nawaz-not-pleased-with-shireen-mazaris-arrest

#TheNews","PML-N Vice President Maryam Nawaz said that she is ""not happy"" with PTI leader and former human rights minister Shireen Mazari's arrest.

""I was not happy to learn about Mazari's arrest, but I saw on TV that the case against her was established during Buzdar's government and it was related to an 800-acre land which belonged to the state,"" Maryam said during an interaction with PML-N's social media team.

Maryam said the anti-corruption department had arrested Mazari, adding that ""they must've had their reasons.""

Read details: https://www.thenews.com.pk/latest/959639-maryam-nawaz-not-pleased-with-shireen-mazaris-arrest

#TheNews",,,2022-05-21 19:48:00,1653144480,https://scontent.fkhi17-1.fna.fbcdn.net/v/t39.30808-6/283289216_5396166407085862_3961352735876615732_n.png?_nc_cat=104&ccb=1-7&_nc_sid=8024bb&_nc_ohc=dsc5i6dkXBYAX83GBJV&_nc_ht=scontent.fkhi17-1.fna&oh=00_AT8DuV20v0sJS2jIQ2p03is1Wscjxr2OWGiHqAUScykMyQ&oe=628EF905,https://scontent.fkhi17-1.fna.fbcdn.net/v/t39.30808-6/283289216_5396166407085862_3961352735876615732_n.png?stp=dst-png_p320x320&_nc_cat=104&ccb=1-7&_nc_sid=8024bb&_nc_ohc=dsc5i6dkXBYAX83GBJV&_nc_ht=scontent.fkhi17-1.fna&oh=00_AT_mIx1OmZXgnHwqFDeoZcSx7ui2wmhSYZxrhedIS8me6A&oe=628EF905,['https://scontent.fkhi17-1.fna.fbcdn.net/v/t39.30808-6/283289216_5396166407085862_3961352735876615732_n.png?_nc_cat=104&ccb=1-7&_nc_sid=8024bb&_nc_ohc=dsc5i6dkXBYAX83GBJV&_nc_ht=scontent.fkhi17-1.fna&oh=00_AT8DuV20v0sJS2jIQ2p03is1Wscjxr2OWGiHqAUScykMyQ&oe=628EF905'],"[""May be an image of 1 person and text that says 'Maryam Nawaz not pleased with Shireen Mazari's arrest THENEWS INTERNATIONAL WWW.THENEWS.COM.PK'""]",['https://scontent.fkhi17-1.fna.fbcdn.net/v/t39.30808-6/283289216_5396166407085862_3961352735876615732_n.png?stp=dst-png_p320x320&_nc_cat=104&ccb=1-7&_nc_sid=8024bb&_nc_ohc=dsc5i6dkXBYAX83GBJV&_nc_ht=scontent.fkhi17-1.fna&oh=00_AT_mIx1OmZXgnHwqFDeoZcSx7ui2wmhSYZxrhedIS8me6A&oe=628EF905'],"[""May be an image of 1 person and text that says 'Maryam Nawaz not pleased with Shireen Mazari's arrest THENEWS INTERNATIONAL WWW.THENEWS.COM.PK'""]",,,,,,,,,,51,33,3,https://facebook.com/TheNewsInternational/posts/5396166833752486,https://www.thenews.com.pk/latest/959639-maryam-nawaz-not-pleased-with-shireen-mazaris-arrest,"[{'link': '/story.php?story_fbid=pfbid02rSG4qhhfovL5jp272aQ1x9Yn1aHT3s4CEFukx4aDGpQMkfmjiDmPK3YFH6U3AoPwl&id=131257086910180&locale2=en_US', 'text': 'More'}, {'link': 'https://lm.facebook.com/l.php?u=https%3A%2F%2Fwww.thenews.com.pk%2Flatest%2F959639-maryam-nawaz-not-pleased-with-shireen-mazaris-arrest&h=AT2qaMySl9wW-qwIrsXkurhb6jGL0bESKb-o_aLNPookrrPmXIdKw9t1hxAAfpAM1T8nKQyWRfUkqaTu47imtSch01A5ZF0Vf4CydKaGSHsHtJv2upn83x12YxWc4BX3fdsYaCVz5sBMsJrUz3CJWOZYMyEhC9XKEHk-jGK7EjNKX5fAsrQtPRWWWIAO', 'text': 'https://www.thenews.com.pk/latest/959639-maryam-nawaz-not-pleased-with-shireen-mazaris-arrest'}, {'link': '/hashtag/thenews?locale2=en_US&__tn__=%2As-R', 'text': '#TheNews'}]",131257086910180,The News,https://facebook.com/TheNewsInternational/?locale2=en_US&__tn__=C-R,False,,,,,,,True,,,,,,,131257086910180,,5396166417085861.0,['5396166417085861'],False,1,0.99900293
5395648727137630,"PTI’s senior leader and former federal minister for human rights Shireen Mazari has been arrested by Anti-Corruption Department Punjab, Islamabad Police said.

A team of the Anti-Corruption Establishment and Dera Ghazi Khan police took her into custody in a joint operation in the federal capital.

The sources said that she has been arrested in a case related to a property dispute in Rajanpur.

Read details: https://www.thenews.com.pk/latest/959586-pti-leader-shireen-mazari-arrested-in-islamabad-sources

#TheNews","PTI’s senior leader and former federal minister for human rights Shireen Mazari has been arrested by Anti-Corruption Department Punjab, Islamabad Police said.

A team of the Anti-Corruption Establishment and Dera Ghazi Khan police took her into custody in a joint operation in the federal capital.

The sources said that she has been arrested in a case related to a property dispute in Rajanpur.

Read details: https://www.thenews.com.pk/latest/959586-pti-leader-shireen-mazari-arrested-in-islamabad-sources

#TheNews",,,2022-05-21 16:05:38,1653131138,https://scontent.fkhi17-1.fna.fbcdn.net/v/t39.30808-6/283100785_5395648253804344_1923394378801066019_n.png?_nc_cat=110&ccb=1-7&_nc_sid=8024bb&_nc_ohc=VRXHhguH20cAX-B3tqH&_nc_ht=scontent.fkhi17-1.fna&oh=00_AT_WCpAkUkhTa4BpB_aESlXMQJXK5aJnoFBIMPQMrRPYGA&oe=628FB4D2,https://scontent.fkhi17-1.fna.fbcdn.net/v/t39.30808-6/283100785_5395648253804344_1923394378801066019_n.png?stp=dst-png_p320x320&_nc_cat=110&ccb=1-7&_nc_sid=8024bb&_nc_ohc=VRXHhguH20cAX-B3tqH&_nc_ht=scontent.fkhi17-1.fna&oh=00_AT90VgKg3-ocfdQUAuHN4igWkOsnBrj5kHNPSQrWJTkrQQ&oe=628FB4D2,['https://scontent.fkhi17-1.fna.fbcdn.net/v/t39.30808-6/283100785_5395648253804344_1923394378801066019_n.png?_nc_cat=110&ccb=1-7&_nc_sid=8024bb&_nc_ohc=VRXHhguH20cAX-B3tqH&_nc_ht=scontent.fkhi17-1.fna&oh=00_AT_WCpAkUkhTa4BpB_aESlXMQJXK5aJnoFBIMPQMrRPYGA&oe=628FB4D2'],"[""May be an image of 1 person and text that says 'PTI leader Shireen Mazari arrested in land encroachment case INTERNATIONAL THENEWS WWW.THENEWS.COM.PK'""]",['https://scontent.fkhi17-1.fna.fbcdn.net/v/t39.30808-6/283100785_5395648253804344_1923394378801066019_n.png?stp=dst-png_p320x320&_nc_cat=110&ccb=1-7&_nc_sid=8024bb&_nc_ohc=VRXHhguH20cAX-B3tqH&_nc_ht=scontent.fkhi17-1.fna&oh=00_AT90VgKg3-ocfdQUAuHN4igWkOsnBrj5kHNPSQrWJTkrQQ&oe=628FB4D2'],"[""May be an image of 1 person and text that says 'PTI leader Shireen Mazari arrested in land encroachment case INTERNATIONAL THENEWS WWW.THENEWS.COM.PK'""]",,,,,,,,,,28,26,4,https://facebook.com/TheNewsInternational/posts/5395648727137630,https://www.thenews.com.pk/latest/959586-pti-leader-shireen-mazari-arrested-in-islamabad-sources,"[{'link': '/story.php?story_fbid=pfbid0JyaYQkVN3TmhWbtiw5ZPuFq8Deaz9guqb7CMmHKKLH5V5gWr5Q7K6Kv5QTap6ov4l&id=131257086910180&locale2=en_US', 'text': 'More'}, {'link': 'https://lm.facebook.com/l.php?u=https%3A%2F%2Fwww.thenews.com.pk%2Flatest%2F959586-pti-leader-shireen-mazari-arrested-in-islamabad-sources&h=AT1fK5GHTb-5q19czuN41KoSoaNqJwF77VTu55ln90SsW4Xonz_N9EcVfLslt0lOoy7Wx1dUrmeaUvTj9ki79yQV8jH2_IydEUcSMn2hG90EuI8LaIuzWIDqMd8MVmWZHaffRQNm2ASW5dZ866AEzpX5SEqUbvsvPZ2LGoElwCim_ib6AMcOdvCYjlj1', 'text': 'https://www.thenews.com.pk/latest/959586-pti-leader-shireen-mazari-arrested-in-islamabad-sources'}, {'link': '/hashtag/thenews?locale2=en_US&__tn__=%2As-R', 'text': '#TheNews'}]",131257086910180,The News,https://facebook.com/TheNewsInternational/?locale2=en_US&__tn__=C-R,False,,,,,,,True,,,,,,,131257086910180,,5395648257137677.0,['5395648257137677'],False,1,0.6690286
5395554773813692,"President Arif Alvi on Saturday asked Prime Minister Shahbaz Sharif to reconsider his advice about the appointment of a new governor as Omar Sarfraz Cheema “still holds the office” and “there is no occasion to propose a new appointment” of the Punjab governor.

The president was responding to the premier’s summary about appointing a new governor after Cheema was de-notified by the Cabinet Division following a dispute over the authority between the two top offices of the country to appoint a governor.

“The governor shall hold office during the pleasure of the President”, as envisaged by Article 101 (2) of the Constitution, President Alvi said while referring to the President’s Secretariat’s earlier communication, dated May 09, 2022.

Read more: https://www.thenews.com.pk/latest/959574-president-alvi-asks-pm-shehbaz-to-reconsider-his-advice-about-punjab-governor

#TheNews","President Arif Alvi on Saturday asked Prime Minister Shahbaz Sharif to reconsider his advice about the appointment of a new governor as Omar Sarfraz Cheema “still holds the office” and “there is no occasion to propose a new appointment” of the Punjab governor.

The president was responding to the premier’s summary about appointing a new governor after Cheema was de-notified by the Cabinet Division following a dispute over the authority between the two top offices of the country to appoint a governor.

“The governor shall hold office during the pleasure of the President”, as envisaged by Article 101 (2) of the Constitution, President Alvi said while referring to the President’s Secretariat’s earlier communication, dated May 09, 2022.

Read more: https://www.thenews.com.pk/latest/959574-president-alvi-asks-pm-shehbaz-to-reconsider-his-advice-about-punjab-governor

#TheNews",,,2022-05-21 15:20:29,1653128429,https://scontent.fkhi17-1.fna.fbcdn.net/v/t39.30808-6/283070466_5395554313813738_3196868045461318222_n.png?_nc_cat=102&ccb=1-7&_nc_sid=8024bb&_nc_ohc=agkkd1vkKloAX-im6cH&_nc_ht=scontent.fkhi17-1.fna&oh=00_AT8JH-HUAiq11xd0g2tRRQx3Gx9KZimt5Db1UuO2eCzWyw&oe=62900C65,https://scontent.fkhi17-1.fna.fbcdn.net/v/t39.30808-6/283070466_5395554313813738_3196868045461318222_n.png?stp=dst-png_p320x320&_nc_cat=102&ccb=1-7&_nc_sid=8024bb&_nc_ohc=agkkd1vkKloAX-im6cH&_nc_ht=scontent.fkhi17-1.fna&oh=00_AT_HI2nQxkIgplOvegQnL1JyGs-9b4cuETHFNoBeu0MwpQ&oe=62900C65,['https://scontent.fkhi17-1.fna.fbcdn.net/v/t39.30808-6/283070466_5395554313813738_3196868045461318222_n.png?_nc_cat=102&ccb=1-7&_nc_sid=8024bb&_nc_ohc=agkkd1vkKloAX-im6cH&_nc_ht=scontent.fkhi17-1.fna&oh=00_AT8JH-HUAiq11xd0g2tRRQx3Gx9KZimt5Db1UuO2eCzWyw&oe=62900C65'],"[""May be an image of 2 people and text that says 'President Alvi asks PM Shahbaz to reconsider his advice about Punjab governor INTERNATIONAL THENEWS WWW.THENEWS.COM.PK'""]",['https://scontent.fkhi17-1.fna.fbcdn.net/v/t39.30808-6/283070466_5395554313813738_3196868045461318222_n.png?stp=dst-png_p320x320&_nc_cat=102&ccb=1-7&_nc_sid=8024bb&_nc_ohc=agkkd1vkKloAX-im6cH&_nc_ht=scontent.fkhi17-1.fna&oh=00_AT_HI2nQxkIgplOvegQnL1JyGs-9b4cuETHFNoBeu0MwpQ&oe=62900C65'],"[""May be an image of 2 people and text that says 'President Alvi asks PM Shahbaz to reconsider his advice about Punjab governor INTERNATIONAL THENEWS WWW.THENEWS.COM.PK'""]",,,,,,,,,,39,3,2,https://facebook.com/TheNewsInternational/posts/5395554773813692,https://www.thenews.com.pk/latest/959574-president-alvi-asks-pm-shehbaz-to-reconsider-his-advice-about-punjab-governor,"[{'link': '/story.php?story_fbid=pfbid0uE15gK19zjqCtDcjcii6XVTzyFGB3y1UsQCq2yJFbL5RMh3CyPXFbCsnAbNu59TTl&id=131257086910180&locale2=en_US', 'text': 'More'}, {'link': 'https://lm.facebook.com/l.php?u=https%3A%2F%2Fwww.thenews.com.pk%2Flatest%2F959574-president-alvi-asks-pm-shehbaz-to-reconsider-his-advice-about-punjab-governor&h=AT28xvPUSg3HQs4f3VjuFwvlt0fEGAlFar_lbVV-8kk_Vw-7HZpquLnbGjxaXaO2i8HYssJ9_fuahaIhlTxrtnnSBtg1Ik7lOiEXpCxgWfvdFuvj16naeiOerFpHazGbrSUZ1azwYBH7RCJraqz7s3hgYvNMkLM-rxMlLv1TFvvBELfKt_NZQa-YwUcw', 'text': 'https://www.thenews.com.pk/latest/959574-president-alvi-asks-pm-shehbaz-to-reconsider-his-advice-about-punjab-governor'}, {'link': '/hashtag/thenews?locale2=en_US&__tn__=%2As-R', 'text': '#TheNews'}]",131257086910180,The News,https://facebook.com/TheNewsInternational/?locale2=en_US&__tn__=C-R,False,,,,,,,True,,,,,,,131257086910180,,5395554320480404.0,['5395554320480404'],False,1,0.78859967
5395379163831253,"Thousands of COVID-negative Beijing residents were forcibly relocated to quarantine hotels overnight due to a handful of infections, as the capital begins to take more extreme control measures resembling virus-hit Shanghai.

Beijing has been battling its worst outbreak since the pandemic started. The Omicron variant has infected over 1,300 since late April, leading city restaurants, schools and tourist attractions to be closed indefinitely.

China's strategy to achieve zero COVID cases includes strict border closures, lengthy quarantines, mass testing and rapid, targeted lockdowns.

Read details: https://www.thenews.com.pk/latest/959565-thousands-of-covid-negative-beijing-residents-sent-to-quarantine

#TheNews","Thousands of COVID-negative Beijing residents were forcibly relocated to quarantine hotels overnight due to a handful of infections, as the capital begins to take more extreme control measures resembling virus-hit Shanghai.

Beijing has been battling its worst outbreak since the pandemic started. The Omicron variant has infected over 1,300 since late April, leading city restaurants, schools and tourist attractions to be closed indefinitely.

China's strategy to achieve zero COVID cases includes strict border closures, lengthy quarantines, mass testing and rapid, targeted lockdowns.

Read details: https://www.thenews.com.pk/latest/959565-thousands-of-covid-negative-beijing-residents-sent-to-quarantine

#TheNews",,,2022-05-21 14:50:02,1653126602,https://scontent.fkhi17-1.fna.fbcdn.net/v/t39.30808-6/283136629_5395379023831267_5900252333463875840_n.png?_nc_cat=103&ccb=1-7&_nc_sid=8024bb&_nc_ohc=tgeNzeOOnD4AX_ivEPn&_nc_ht=scontent.fkhi17-1.fna&oh=00_AT-2n7lrnGZXONRgcEAphmk7qmcc8ls1HarXsJfJamc05w&oe=628FCE5B,https://scontent.fkhi17-1.fna.fbcdn.net/v/t39.30808-6/283136629_5395379023831267_5900252333463875840_n.png?stp=dst-png_p320x320&_nc_cat=103&ccb=1-7&_nc_sid=8024bb&_nc_ohc=tgeNzeOOnD4AX_ivEPn&_nc_ht=scontent.fkhi17-1.fna&oh=00_AT_IH0lel7NOTlaKQ4YMTGrKEkEVfakf9zkXBd5r5JtmvQ&oe=628FCE5B,['https://scontent.fkhi17-1.fna.fbcdn.net/v/t39.30808-6/283136629_5395379023831267_5900252333463875840_n.png?_nc_cat=103&ccb=1-7&_nc_sid=8024bb&_nc_ohc=tgeNzeOOnD4AX_ivEPn&_nc_ht=scontent.fkhi17-1.fna&oh=00_AT-2n7lrnGZXONRgcEAphmk7qmcc8ls1HarXsJfJamc05w&oe=628FCE5B'],"[""May be an image of 5 people, people standing and text that says 'Hብ UA 王 动 Thousands ofCOVID negative Beijing residents sent to quarantine INTERNATIONAL THENEWS WWW.THENEWS.COM.PK'""]",['https://scontent.fkhi17-1.fna.fbcdn.net/v/t39.30808-6/283136629_5395379023831267_5900252333463875840_n.png?stp=dst-png_p320x320&_nc_cat=103&ccb=1-7&_nc_sid=8024bb&_nc_ohc=tgeNzeOOnD4AX_ivEPn&_nc_ht=scontent.fkhi17-1.fna&oh=00_AT_IH0lel7NOTlaKQ4YMTGrKEkEVfakf9zkXBd5r5JtmvQ&oe=628FCE5B'],"[""May be an image of 5 people, people standing and text that says 'Hብ UA 王 动 Thousands ofCOVID negative Beijing residents sent to quarantine INTERNATIONAL THENEWS WWW.THENEWS.COM.PK'""]",,,,,,,,,,5,0,0,https://facebook.com/TheNewsInternational/posts/5395379163831253,https://www.thenews.com.pk/latest/959565-thousands-of-covid-negative-beijing-residents-sent-to-quarantine,"[{'link': '/story.php?story_fbid=pfbid02btTYMKCwS2SecVM95doShwcG93dBKiMAoa7ibj61KihwiJqJPLb874NDztZvbKCl&id=131257086910180&locale2=en_US', 'text': 'More'}, {'link': 'https://lm.facebook.com/l.php?u=https%3A%2F%2Fwww.thenews.com.pk%2Flatest%2F959565-thousands-of-covid-negative-beijing-residents-sent-to-quarantine&h=AT1quxFIQOhTLenb9upjskgJFOX1vsBRTPZGkKKuIZZwFKzc62pYHDe8dTGM1W4p0PuFSjx2iE_GqeuiFRwZYfP0neFTQIlXItRpIrbvtoowKjHDr8KOOpGni5Mw2qi7cZgaIO-SkH5KPvQ73wHDDhpXGuu16vBS3pj3nY-Fl8kCNatiWjGf4PHT2NvOWiLJApMtdP2Ssg', 'text': 'https://www.thenews.com.pk/latest/959565-thousands-of-covid-negative-beijing-residents-sent-to-quarantine'}, {'link': '/hashtag/thenews?locale2=en_US&__tn__=%2As-R', 'text': '#TheNews'}]",131257086910180,The News,https://facebook.com/TheNewsInternational/?locale2=en_US&__tn__=C-R,False,,,,,,,True,,,,,,,131257086910180,,5395379033831266.0,['5395379033831266'],False,1,0.99748987
5395373943831775,"Pakistan's Azhar Ali made an unbeaten double century as he helped Worcestershire rewrite the record books in an English County Championship match against Leicestershire.

Azhar and former England Under-19 international Jack Haynes put on 281 for the third wicket - a record partnership against Leicestershire, surpassing the 278 by Cyril Walters and Harold Gibbons in 1934.

Their stand was the cornerstone of Worcestershire's 456 for three, a lead of 308, at stumps on the second day of four at New Road.

Read more: https://www.thenews.com.pk/latest/959562-pakistans-azhar-ali-makes-unbeaten-double-hundred-in-english-county-game

#TheNews","Pakistan's Azhar Ali made an unbeaten double century as he helped Worcestershire rewrite the record books in an English County Championship match against Leicestershire.

Azhar and former England Under-19 international Jack Haynes put on 281 for the third wicket - a record partnership against Leicestershire, surpassing the 278 by Cyril Walters and Harold Gibbons in 1934.

Their stand was the cornerstone of Worcestershire's 456 for three, a lead of 308, at stumps on the second day of four at New Road.

Read more: https://www.thenews.com.pk/latest/959562-pakistans-azhar-ali-makes-unbeaten-double-hundred-in-english-county-game

#TheNews",,,2022-05-21 14:35:00,1653125700,https://scontent.fkhi17-1.fna.fbcdn.net/v/t39.30808-6/283224421_5395373827165120_5433547330169998305_n.png?_nc_cat=107&ccb=1-7&_nc_sid=8024bb&_nc_ohc=5rn_2wgsVTUAX-sKJ8O&_nc_ht=scontent.fkhi17-1.fna&oh=00_AT8qZ8RebkBh3KJb7QVI-ypgwoy0534Rf8lYMBjIHgKlJg&oe=628FC690,https://scontent.fkhi17-1.fna.fbcdn.net/v/t39.30808-6/283224421_5395373827165120_5433547330169998305_n.png?stp=dst-png_p320x320&_nc_cat=107&ccb=1-7&_nc_sid=8024bb&_nc_ohc=5rn_2wgsVTUAX-sKJ8O&_nc_ht=scontent.fkhi17-1.fna&oh=00_AT8T41jPU3JPybIZWGIReXDpGGuRTU0zJLonhUKKwGNb6A&oe=628FC690,['https://scontent.fkhi17-1.fna.fbcdn.net/v/t39.30808-6/283224421_5395373827165120_5433547330169998305_n.png?_nc_cat=107&ccb=1-7&_nc_sid=8024bb&_nc_ohc=5rn_2wgsVTUAX-sKJ8O&_nc_ht=scontent.fkhi17-1.fna&oh=00_AT8qZ8RebkBh3KJb7QVI-ypgwoy0534Rf8lYMBjIHgKlJg&oe=628FC690'],"[""May be an image of 2 people, people playing sports and text that says 'scrivens Pakistan's Azhar Ali makes unbeaten double hundred in English county game THENEWS INTERNATIONAL WWW.THENEWS.COM.PK'""]",['https://scontent.fkhi17-1.fna.fbcdn.net/v/t39.30808-6/283224421_5395373827165120_5433547330169998305_n.png?stp=dst-png_p320x320&_nc_cat=107&ccb=1-7&_nc_sid=8024bb&_nc_ohc=5rn_2wgsVTUAX-sKJ8O&_nc_ht=scontent.fkhi17-1.fna&oh=00_AT8T41jPU3JPybIZWGIReXDpGGuRTU0zJLonhUKKwGNb6A&oe=628FC690'],"[""May be an image of 2 people, people playing sports and text that says 'scrivens Pakistan's Azhar Ali makes unbeaten double hundred in English county game THENEWS INTERNATIONAL WWW.THENEWS.COM.PK'""]",,,,,,,,,,4,0,0,https://facebook.com/TheNewsInternational/posts/5395373943831775,https://www.thenews.com.pk/latest/959562-pakistans-azhar-ali-makes-unbeaten-double-hundred-in-english-county-game,"[{'link': '/story.php?story_fbid=pfbid0ZVb9GZ8qcSncQc8Pkgb196oAHnjgucUFeEWPgboRVoZW6Gc4uo8bMfHGRrPrq5tJl&id=131257086910180&locale2=en_US', 'text': 'More'}, {'link': 'https://lm.facebook.com/l.php?u=https%3A%2F%2Fwww.thenews.com.pk%2Flatest%2F959562-pakistans-azhar-ali-makes-unbeaten-double-hundred-in-english-county-game&h=AT2E68Z6VNeVKlcySZqUpqXV_w_pSi_IrxuJyWJyFXC747i1yXYpFalw2Ga-aDpedZYbZwxlJHNfyUz8DjY4wLrFpFE_nM0TUE6O_vIyufTq_t-A84T0K-vjbxJe5WxEv3d6qpDgBnjq5YcE1cc8dgFTFscptxHwGOIedoyAdqcI0ITx6IXx1SdXB0p4', 'text': 'https://www.thenews.com.pk/latest/959562-pakistans-azhar-ali-makes-unbeaten-double-hundred-in-english-county-game'}, {'link': '/hashtag/thenews?locale2=en_US&__tn__=%2As-R', 'text': '#TheNews'}]",131257086910180,The News,https://facebook.com/TheNewsInternational/?locale2=en_US&__tn__=C-R,False,,,,,,,True,,,,,,,131257086910180,,5395373830498453.0,['5395373830498453'],False,1,0.91259485
5395273327175170,"Taking notice of PTI Chairman Imran Khan’s ""vile"" remarks against PML-N vice president Maryam Nawaz, the Human Rights Commission of Pakistan (HRCP) condemned the statement, saying the ex-PM owes an apology to all women.

During the PTI's Multan rally, the former prime minister referred to Maryam Nawaz's Sargodha rally a day before, and commented: ""I heard she spoke with such jazba and junoon about me that I feel like asking her to be careful lest her husband gets upset"".

Expectedly, Imran's statement elicited a strong reaction on social media, with journalists, women's rights activists, and political figures from the PDM-PPP government all condemning the use of such misogynist language against a woman politician.

Read more of this story: https://www.thenews.com.pk/latest/959558-imran-khan-owes-an-apology-says-hrcp

#TheNews","Taking notice of PTI Chairman Imran Khan’s ""vile"" remarks against PML-N vice president Maryam Nawaz, the Human Rights Commission of Pakistan (HRCP) condemned the statement, saying the ex-PM owes an apology to all women.

During the PTI's Multan rally, the former prime minister referred to Maryam Nawaz's Sargodha rally a day before, and commented: ""I heard she spoke with such jazba and junoon about me that I feel like asking her to be careful lest her husband gets upset"".

Expectedly, Imran's statement elicited a strong reaction on social media, with journalists, women's rights activists, and political figures from the PDM-PPP government all condemning the use of such misogynist language against a woman politician.

Read more of this story: https://www.thenews.com.pk/latest/959558-imran-khan-owes-an-apology-says-hrcp

#TheNews",,,2022-05-21 13:22:05,1653121325,https://scontent.fkhi17-1.fna.fbcdn.net/v/t39.30808-6/283107703_5395273190508517_6392380680049151832_n.png?_nc_cat=107&ccb=1-7&_nc_sid=8024bb&_nc_ohc=jGA5yZOcT1YAX9ZeDj2&_nc_ht=scontent.fkhi17-1.fna&oh=00_AT-rgSnEtZ8y2Mj4Ca2eprS3HeI4utVdy4s95yyGmfYEUQ&oe=62900EFB,https://scontent.fkhi17-1.fna.fbcdn.net/v/t39.30808-6/283107703_5395273190508517_6392380680049151832_n.png?stp=dst-png_p320x320&_nc_cat=107&ccb=1-7&_nc_sid=8024bb&_nc_ohc=jGA5yZOcT1YAX9ZeDj2&_nc_ht=scontent.fkhi17-1.fna&oh=00_AT-GfyH1htvu3kOuaXokQtfQ1qgU-kxXIIUAW7C3hqcuYg&oe=62900EFB,['https://scontent.fkhi17-1.fna.fbcdn.net/v/t39.30808-6/283107703_5395273190508517_6392380680049151832_n.png?_nc_cat=107&ccb=1-7&_nc_sid=8024bb&_nc_ohc=jGA5yZOcT1YAX9ZeDj2&_nc_ht=scontent.fkhi17-1.fna&oh=00_AT-rgSnEtZ8y2Mj4Ca2eprS3HeI4utVdy4s95yyGmfYEUQ&oe=62900EFB'],"[""May be an image of 1 person, standing and text that says 'Imran Khan owes an apology to Maryam Nawaz: HRCP THENEWS INTERNATIONAL WWW.THENEWS.COM.PK'""]",['https://scontent.fkhi17-1.fna.fbcdn.net/v/t39.30808-6/283107703_5395273190508517_6392380680049151832_n.png?stp=dst-png_p320x320&_nc_cat=107&ccb=1-7&_nc_sid=8024bb&_nc_ohc=jGA5yZOcT1YAX9ZeDj2&_nc_ht=scontent.fkhi17-1.fna&oh=00_AT-GfyH1htvu3kOuaXokQtfQ1qgU-kxXIIUAW7C3hqcuYg&oe=62900EFB'],"[""May be an image of 1 person, standing and text that says 'Imran Khan owes an apology to Maryam Nawaz: HRCP THENEWS INTERNATIONAL WWW.THENEWS.COM.PK'""]",,,,,,,,,,158,149,34,https://facebook.com/TheNewsInternational/posts/5395273327175170,https://www.thenews.com.pk/latest/959558-imran-khan-owes-an-apology-says-hrcp,"[{'link': '/story.php?story_fbid=pfbid07Xuh78xxLkv9n1YCnYjeoQZinD8mjTaH5arXLuRpEJh3jshsEw88y6P5EAwkxS3Xl&id=131257086910180&locale2=en_US', 'text': 'More'}, {'link': 'https://lm.facebook.com/l.php?u=https%3A%2F%2Fwww.thenews.com.pk%2Flatest%2F959558-imran-khan-owes-an-apology-says-hrcp&h=AT1tuAPlqPFIlKlezPfwvP7cMDIw4uNagZyYrdeAhwgi1DDhXY5p2B6ETaFK7YYlJiyuRtwheIEXSiHXVkeIayPJAkkOCgSsMpJAtFAPiDARtUI90cTKPadYo3owlk5orlBD9lqitFJH3O4qzLeDESNlCoBt2JQKIG3RV0fSJDqcZ7T5-h0p-QLt42jn', 'text': 'https://www.thenews.com.pk/latest/959558-imran-khan-owes-an-apology-says-hrcp'}, {'link': '/hashtag/thenews?locale2=en_US&__tn__=%2As-R', 'text': '#TheNews'}]",131257086910180,The News,https://facebook.com/TheNewsInternational/?locale2=en_US&__tn__=C-R,False,,,,,,,True,,,,,,,131257086910180,,5395273197175183.0,['5395273197175183'],False,1,0.8021077
5394740213895148,"Gun-toting youths watch over a street in a Rio de Janeiro slum hit hard by drug trafficking, but walk a bit further and this rough area also boasts the largest urban vegetable garden in Latin America.

This success story is unfolding in a favela called Manguinhos in the north of Rio, and thrives as the rest of the country frets over rampant inflation and worries over Russian fertilizer, a major concern for Brazil´s powerful agriculture sector.

The first seed was planted in late 2013 on a parcel of land known then as ""crackolandia"" because it was home to so many drug addicts.

Read details: https://www.thenews.com.pk/latest/959548-brazils-urban-garden-provides-food-to-800-families

#TheNews","Gun-toting youths watch over a street in a Rio de Janeiro slum hit hard by drug trafficking, but walk a bit further and this rough area also boasts the largest urban vegetable garden in Latin America.

This success story is unfolding in a favela called Manguinhos in the north of Rio, and thrives as the rest of the country frets over rampant inflation and worries over Russian fertilizer, a major concern for Brazil´s powerful agriculture sector.

The first seed was planted in late 2013 on a parcel of land known then as ""crackolandia"" because it was home to so many drug addicts.

Read details: https://www.thenews.com.pk/latest/959548-brazils-urban-garden-provides-food-to-800-families

#TheNews",,,2022-05-21 10:25:02,1653110702,https://scontent.fkhi17-1.fna.fbcdn.net/v/t39.30808-6/281159262_5394739937228509_2485310213977215449_n.png?_nc_cat=104&ccb=1-7&_nc_sid=8024bb&_nc_ohc=9xGet-wdawgAX9936T7&_nc_ht=scontent.fkhi17-1.fna&oh=00_AT-ltk4evNQVBmyIau074VmRyXuWB9modlTyivhnBum0JA&oe=628F3775,https://scontent.fkhi17-1.fna.fbcdn.net/v/t39.30808-6/281159262_5394739937228509_2485310213977215449_n.png?stp=dst-png_p320x320&_nc_cat=104&ccb=1-7&_nc_sid=8024bb&_nc_ohc=9xGet-wdawgAX9936T7&_nc_ht=scontent.fkhi17-1.fna&oh=00_AT9J_B1NxuryRM48Vsea9975Oo0kMHBmjcZsQ8vX5cqJ2g&oe=628F3775,['https://scontent.fkhi17-1.fna.fbcdn.net/v/t39.30808-6/281159262_5394739937228509_2485310213977215449_n.png?_nc_cat=104&ccb=1-7&_nc_sid=8024bb&_nc_ohc=9xGet-wdawgAX9936T7&_nc_ht=scontent.fkhi17-1.fna&oh=00_AT-ltk4evNQVBmyIau074VmRyXuWB9modlTyivhnBum0JA&oe=628F3775'],"[""May be an image of \u200eoutdoors and \u200etext that says '\u200eل Brazil's urban garden provides food to 800 families INTERNATIONAL THENEWS WWW.THENEWS.COM.PK\u200e'\u200e\u200e""]",['https://scontent.fkhi17-1.fna.fbcdn.net/v/t39.30808-6/281159262_5394739937228509_2485310213977215449_n.png?stp=dst-png_p320x320&_nc_cat=104&ccb=1-7&_nc_sid=8024bb&_nc_ohc=9xGet-wdawgAX9936T7&_nc_ht=scontent.fkhi17-1.fna&oh=00_AT9J_B1NxuryRM48Vsea9975Oo0kMHBmjcZsQ8vX5cqJ2g&oe=628F3775'],"[""May be an image of \u200eoutdoors and \u200etext that says '\u200eل Brazil's urban garden provides food to 800 families INTERNATIONAL THENEWS WWW.THENEWS.COM.PK\u200e'\u200e\u200e""]",,,,,,,,,,15,1,0,https://facebook.com/TheNewsInternational/posts/5394740213895148,https://www.thenews.com.pk/latest/959548-brazils-urban-garden-provides-food-to-800-families,"[{'link': '/story.php?story_fbid=pfbid021SWEKKPCYTH8DA9FDX59c4VuCGTB1AbU1WMpKsAFMMLv4faT9Xn5ypeHJXCS9byTl&id=131257086910180&locale2=en_US', 'text': 'More'}, {'link': 'https://lm.facebook.com/l.php?u=https%3A%2F%2Fwww.thenews.com.pk%2Flatest%2F959548-brazils-urban-garden-provides-food-to-800-families&h=AT1R3C7DiZ4ZNT-BhSrs-zQuBY6vp1zjbArYYsiNfWAMPnBiei66DYt9M0DROPJSEEZxQ6sdpP1fBUveSsXRZvhRo1nDaoCIqz4L4Ss5AtQs54oXsgHom6opigBtmtSOJU8I8Fv7VngHYSKqDYP0Vg0Se2pBglQKsk6Oykblpw5adUSGI1ZxlvCClRU-', 'text': 'https://www.thenews.com.pk/latest/959548-brazils-urban-garden-provides-food-to-800-families'}, {'link': '/hashtag/thenews?locale2=en_US&__tn__=%2As-R', 'text': '#TheNews'}]",131257086910180,The News,https://facebook.com/TheNewsInternational/?locale2=en_US&__tn__=C-R,False,,,,,,,True,,,,,,,131257086910180,,5394739963895173.0,['5394739963895173'],False,1,0.99685305
5394723717230131,"Foreign Minister Bilawal Bhutto Zardari extended support to the Prime Minister Shehbaz Sharif-led government, saying that the premier should be given a chance to solve the country's issues.

Talking to media in New York, he said, ""We need to find out the solution to issues while working together with every stakeholder and party."" He lambasted former prime minister Imran Khan over his ""undemocratic and unconstitutional politics,” Geo News reported.

""Imran Khan is not doing democratic, parliamentary and constitutional politics, however, he is heading towards politics of extremism,"" said Bilawal. He said it is opposition's right to protest, but Imran Khan is levelling false allegations against political rivals and institutions.

Read details: https://www.thenews.com.pk/print/959476-shehbaz-be-given-chance-to-solve-country-s-problems-bilawal

#TheNews

THENEWS.COM.PK
'Shehbaz be given chance to solve country’s problems'","Foreign Minister Bilawal Bhutto Zardari extended support to the Prime Minister Shehbaz Sharif-led government, saying that the premier should be given a chance to solve the country's issues.

Talking to media in New York, he said, ""We need to find out the solution to issues while working together with every stakeholder and party."" He lambasted former prime minister Imran Khan over his ""undemocratic and unconstitutional politics,” Geo News reported.

""Imran Khan is not doing democratic, parliamentary and constitutional politics, however, he is heading towards politics of extremism,"" said Bilawal. He said it is opposition's right to protest, but Imran Khan is levelling false allegations against political rivals and institutions.

Read details: https://www.thenews.com.pk/print/959476-shehbaz-be-given-chance-to-solve-country-s-problems-bilawal

#TheNews","THENEWS.COM.PK
'Shehbaz be given chance to solve country’s problems'",,2022-05-21 10:00:10,1653109210,https://www.thenews.com.pk/assets/uploads/akhbar/2022-05-21/959476_064733_updates.jpg,https://external.fkhi17-1.fna.fbcdn.net/safe_image.php?w=476&h=249&url=https%3A%2F%2Fwww.thenews.com.pk%2Fassets%2Fuploads%2Fakhbar%2F2022-05-21%2F959476_064733_updates.jpg&cfs=1&jq=75&ext=jpg&utld=thenews.com.pk&_nc_oe=7024d&_nc_sid=505865&_nc_o2e=1&ccb=3-6&_nc_hash=AQGf2Tk3kL6g8FQU,['https://www.thenews.com.pk/assets/uploads/akhbar/2022-05-21/959476_064733_updates.jpg'],[],['https://external.fkhi17-1.fna.fbcdn.net/safe_image.php?w=476&h=249&url=https%3A%2F%2Fwww.thenews.com.pk%2Fassets%2Fuploads%2Fakhbar%2F2022-05-21%2F959476_064733_updates.jpg&cfs=1&jq=75&ext=jpg&utld=thenews.com.pk&_nc_oe=7024d&_nc_sid=505865&_nc_o2e=1&ccb=3-6&_nc_hash=AQGf2Tk3kL6g8FQU'],[None],,,,,,,,,,10,7,0,https://facebook.com/TheNewsInternational/posts/5394723717230131,https://www.thenews.com.pk/print/959476-shehbaz-be-given-chance-to-solve-country-s-problems-bilawal,"[{'link': '/story.php?story_fbid=pfbid0UsG2HN7UmbaUjGxY9H157gvpTphi1X6Hs1eXFR4coaMNYqngsGudKNYe7PJW2f44l&id=131257086910180&locale2=en_US', 'text': 'More'}, {'link': 'https://lm.facebook.com/l.php?u=https%3A%2F%2Fwww.thenews.com.pk%2Fprint%2F959476-shehbaz-be-given-chance-to-solve-country-s-problems-bilawal&h=AT1MxDEzHIdf0ti1tDpnEQ16M9UPZ2bpsp3HJxY_wN5e4ETZcgH7vj5sdsnTHtEj79HEJAsSXqXQIxBdEkB253Ys_ZZLIIwH2u9TAmZgDuzpSGZHGPenwC7uJgl6dHZhY-fcONXCki8WmWJnqacs5ptd7vN0T-xqFjQcCqOftzcMEZCa_yG2YQjkOFoG', 'text': 'https://www.thenews.com.pk/print/959476-shehbaz-be-given-chance-to-solve-country-s-problems-bilawal'}, {'link': '/hashtag/thenews?locale2=en_US&__tn__=%2As-R', 'text': '#TheNews'}]",131257086910180,The News,https://facebook.com/TheNewsInternational/?locale2=en_US&__tn__=C-R,False,,,,,,,True,,,,,,,131257086910180,,,[],False,1,0.9309325
5394721000563736,"PTI Chairman Imran Khan said he would announce the final date for the long march on Islamabad between May 25 and 29.

Addressing a mammoth public meeting at Qila Qasim Bagh Stadium, he said harsh weather and dictatorial tactics of the government could not stop them from bringing about a revolution. He said the families of soldiers and bureaucrats would join the sit-in in Islamabad, adding it will be the biggest gathering not only of Pakistan but also of the world.

Criticising Nawaz Sharif, he said a fugitive sitting in London was taking decisions of the country. The government was creating a Sri Lanka-like situation in the country.The PTI chairman said that the PTI would never allow ‘looters and US slaves’ to rule the country, as the present government had failed on all fronts and was destroying the economy.

Read more of this story: https://www.thenews.com.pk/print/959470-march-on-capital-will-announce-date-between-may-25-29-says-imran

#TheNews

THENEWS.COM.PK
'Will announce date between May 25-29'","PTI Chairman Imran Khan said he would announce the final date for the long march on Islamabad between May 25 and 29.

Addressing a mammoth public meeting at Qila Qasim Bagh Stadium, he said harsh weather and dictatorial tactics of the government could not stop them from bringing about a revolution. He said the families of soldiers and bureaucrats would join the sit-in in Islamabad, adding it will be the biggest gathering not only of Pakistan but also of the world.

Criticising Nawaz Sharif, he said a fugitive sitting in London was taking decisions of the country. The government was creating a Sri Lanka-like situation in the country.The PTI chairman said that the PTI would never allow ‘looters and US slaves’ to rule the country, as the present government had failed on all fronts and was destroying the economy.

Read more of this story: https://www.thenews.com.pk/print/959470-march-on-capital-will-announce-date-between-may-25-29-says-imran

#TheNews","THENEWS.COM.PK
'Will announce date between May 25-29'",,2022-05-21 09:15:52,1653106552,https://www.thenews.com.pk/assets/uploads/akhbar/2022-05-21/959470_060541_updates.jpg,https://external.fkhi17-1.fna.fbcdn.net/safe_image.php?w=476&h=249&url=https%3A%2F%2Fwww.thenews.com.pk%2Fassets%2Fuploads%2Fakhbar%2F2022-05-21%2F959470_060541_updates.jpg&cfs=1&jq=75&ext=jpg&utld=thenews.com.pk&_nc_oe=7024e&_nc_sid=505865&_nc_o2e=1&ccb=3-6&_nc_hash=AQFPEYdTDnkJcxDC,['https://www.thenews.com.pk/assets/uploads/akhbar/2022-05-21/959470_060541_updates.jpg'],[],['https://external.fkhi17-1.fna.fbcdn.net/safe_image.php?w=476&h=249&url=https%3A%2F%2Fwww.thenews.com.pk%2Fassets%2Fuploads%2Fakhbar%2F2022-05-21%2F959470_060541_updates.jpg&cfs=1&jq=75&ext=jpg&utld=thenews.com.pk&_nc_oe=7024e&_nc_sid=505865&_nc_o2e=1&ccb=3-6&_nc_hash=AQFPEYdTDnkJcxDC'],[None],,,,,,,,,,6,4,0,https://facebook.com/TheNewsInternational/posts/5394721000563736,https://www.thenews.com.pk/print/959470-march-on-capital-will-announce-date-between-may-25-29-says-imran,"[{'link': '/story.php?story_fbid=pfbid0MwoZ6Mhx5fHJJ6zRRs5nMVeJ4pgKofAdGyKCdwyqz2TUWykg6xo4NB6rWzdZsjJml&id=131257086910180&locale2=en_US', 'text': 'More'}, {'link': 'https://lm.facebook.com/l.php?u=https%3A%2F%2Fwww.thenews.com.pk%2Fprint%2F959470-march-on-capital-will-announce-date-between-may-25-29-says-imran&h=AT3_QmL7XCboTsBYc0-B9BKyf0lDm244zSiJpH060OwCEOKym8xy8ces5wzXEPD4Kk_AkHrKZBnquxdBzsPlvX5nqhcC23TPRZOp7e3N-Z1aKL_5MelExFtnQvtxWhbRondftasMBZ-thrarW0AoSBCv5hZGx4pGRBwuXXdQq-6xS6-ahkqzAYJPz9i2', 'text': 'https://www.thenews.com.pk/print/959470-march-on-capital-will-announce-date-between-may-25-29-says-imran'}, {'link': '/hashtag/thenews?locale2=en_US&__tn__=%2As-R', 'text': '#TheNews'}]",131257086910180,The News,https://facebook.com/TheNewsInternational/?locale2=en_US&__tn__=C-R,False,,,,,,,True,,,,,,,131257086910180,,,[],False,1,0.8051264
5394714040564432,"Foreign Minister Bilawal Bhutto Zardari will reach China on his first bilateral visit after taking office on the special invitation of State Councillor and Foreign Minister Wang Yi, China, on May 21-22.

""The Minister of State for Foreign Affairs, Ms Hina Rabbani Khan, and senior officials will be part of the foreign minister’s delegation,” the Foreign Office announced.

Pakistan sees the foreign minister’s visit contributing towards further fortifying the time-tested all-weather strategic cooperative partnership between Pakistan and China, enhancing and deepening CPEC-related engagement, and help in identifying new avenues for bilateral cooperation to the benefit of the two countries and peoples.

Read more: https://www.thenews.com.pk/print/959471-bilawal-heads-to-china-on-two-day-visit

#TheNews

THENEWS.COM.PK
Bilawal heads to China on two-day visit","Foreign Minister Bilawal Bhutto Zardari will reach China on his first bilateral visit after taking office on the special invitation of State Councillor and Foreign Minister Wang Yi, China, on May 21-22.

""The Minister of State for Foreign Affairs, Ms Hina Rabbani Khan, and senior officials will be part of the foreign minister’s delegation,” the Foreign Office announced.

Pakistan sees the foreign minister’s visit contributing towards further fortifying the time-tested all-weather strategic cooperative partnership between Pakistan and China, enhancing and deepening CPEC-related engagement, and help in identifying new avenues for bilateral cooperation to the benefit of the two countries and peoples.

Read more: https://www.thenews.com.pk/print/959471-bilawal-heads-to-china-on-two-day-visit

#TheNews","THENEWS.COM.PK
Bilawal heads to China on two-day visit",,2022-05-21 08:52:08,1653105128,https://www.thenews.com.pk/assets/uploads/akhbar/2022-05-21/959471_071020_updates.jpg,https://external.fkhi17-1.fna.fbcdn.net/safe_image.php?w=476&h=249&url=https%3A%2F%2Fwww.thenews.com.pk%2Fassets%2Fuploads%2Fakhbar%2F2022-05-21%2F959471_071020_updates.jpg&cfs=1&jq=75&ext=jpg&utld=thenews.com.pk&_nc_oe=7024d&_nc_sid=505865&_nc_o2e=1&ccb=3-6&_nc_hash=AQHKL3-ztPan3xCN,['https://www.thenews.com.pk/assets/uploads/akhbar/2022-05-21/959471_071020_updates.jpg'],[],['https://external.fkhi17-1.fna.fbcdn.net/safe_image.php?w=476&h=249&url=https%3A%2F%2Fwww.thenews.com.pk%2Fassets%2Fuploads%2Fakhbar%2F2022-05-21%2F959471_071020_updates.jpg&cfs=1&jq=75&ext=jpg&utld=thenews.com.pk&_nc_oe=7024d&_nc_sid=505865&_nc_o2e=1&ccb=3-6&_nc_hash=AQHKL3-ztPan3xCN'],[None],,,,,,,,,,11,3,0,https://facebook.com/TheNewsInternational/posts/5394714040564432,https://www.thenews.com.pk/print/959471-bilawal-heads-to-china-on-two-day-visit,"[{'link': '/story.php?story_fbid=pfbid0bU3NSx6eYVdE5PPzc6udVyMsp1x2C9cnDpEAra28gJgjvSbGF4hABqaM9XfXUQ69l&id=131257086910180&locale2=en_US', 'text': 'More'}, {'link': 'https://lm.facebook.com/l.php?u=https%3A%2F%2Fwww.thenews.com.pk%2Fprint%2F959471-bilawal-heads-to-china-on-two-day-visit&h=AT1v-uUWw_P6vlmgWMXBCmIL1c_pMs-Y47em6LUUWaa6KBz6qgkD7mTlwzzh_-1zvL2FPSn3rnPsk26acSy0AURxCasT6Z5p9YOxMKa7ihmi8XcSW_8299DjHMnxyrf4yJZgsF4Z8Fjs017yf9Y54exUhuFn0dvTte_1Gq6pRq-pyzGR2o0nCMabJRJM', 'text': 'https://www.thenews.com.pk/print/959471-bilawal-heads-to-china-on-two-day-visit'}, {'link': '/hashtag/thenews?locale2=en_US&__tn__=%2As-R', 'text': '#TheNews'}]",131257086910180,The News,https://facebook.com/TheNewsInternational/?locale2=en_US&__tn__=C-R,False,,,,,,,True,,,,,,,131257086910180,,,[],False,1,0.92714226
5392167967485706,"I don’t mean to offend Saira, but just wanted to point out that we should not always do something because we have the opportunity; we should see what’s best for us....

Read more: https://www.thenews.com.pk/magazine/us/958746-us-mail

#TheNews

THENEWS.COM.PK
TheNews Weekly Magazine","I don’t mean to offend Saira, but just wanted to point out that we should not always do something because we have the opportunity; we should see what’s best for us....

Read more: https://www.thenews.com.pk/magazine/us/958746-us-mail

#TheNews","THENEWS.COM.PK
TheNews Weekly Magazine",,2022-05-20 22:00:05,1653066005,https://www.thenews.com.pk/assets/magazine/images/close_black.png,https://external.fkhi17-1.fna.fbcdn.net/safe_image.php?w=36&h=36&url=https%3A%2F%2Fwww.thenews.com.pk%2Fassets%2Fmagazine%2Fimages%2Fclose_black.png&cfs=1&jq=75&ext=jpg&utld=thenews.com.pk&_nc_oe=7024e&_nc_sid=505865&_nc_o2e=1&ccb=3-6&_nc_hash=AQGNsPCZz0vy8ksh,['https://www.thenews.com.pk/assets/magazine/images/close_black.png'],[],['https://external.fkhi17-1.fna.fbcdn.net/safe_image.php?w=36&h=36&url=https%3A%2F%2Fwww.thenews.com.pk%2Fassets%2Fmagazine%2Fimages%2Fclose_black.png&cfs=1&jq=75&ext=jpg&utld=thenews.com.pk&_nc_oe=7024e&_nc_sid=505865&_nc_o2e=1&ccb=3-6&_nc_hash=AQGNsPCZz0vy8ksh'],[None],,,,,,,,,,0,0,0,https://facebook.com/TheNewsInternational/posts/5392167967485706,https://www.thenews.com.pk/magazine/us/958746-us-mail,"[{'link': 'https://lm.facebook.com/l.php?u=https%3A%2F%2Fwww.thenews.com.pk%2Fmagazine%2Fus%2F958746-us-mail&h=AT212DvNVDWRiX1Y4m1iKXZu1PQE778G-QxawwxbL4lTJS33Zq2SItONdw5Kw9-7eKVM063mISNrCadN6SP4ilH22R9GlZupUTpicfNYd_1QFWLkx6WYthNARHaR4WYqG_gr4jg5FtEuGhPao2_s0kwomT5d3YFKWviM81bZv_ImAXkwC3XK5beL_Art', 'text': 'https://www.thenews.com.pk/magazine/us/958746-us-mail'}, {'link': '/hashtag/thenews?locale2=en_US&__tn__=%2As-R', 'text': '#TheNews'}]",131257086910180,The News,https://facebook.com/TheNewsInternational/?locale2=en_US&__tn__=C-R,False,,,,,,,True,,,,,,,131257086910180,,,[],False,1,0.99877596
5393064124062757,"PTI Chairman and former prime minister Imran Khan on Friday said that Pakistan could never become a great nation unless it gets rid of the chains of slavery.

Addressing a rally in Multan, the former premier once again criticised the coalition government, particularly the Sharif family, and asked the masses ""not to bow your heads before thieves"".

Read more: https://tinyurl.com/y2q92797

#TheNews","PTI Chairman and former prime minister Imran Khan on Friday said that Pakistan could never become a great nation unless it gets rid of the chains of slavery.

Addressing a rally in Multan, the former premier once again criticised the coalition government, particularly the Sharif family, and asked the masses ""not to bow your heads before thieves"".

Read more: https://tinyurl.com/y2q92797

#TheNews",,,2022-05-20 20:15:47,1653059747,https://scontent.fkhi17-1.fna.fbcdn.net/v/t39.30808-6/283200119_5393064014062768_4766960479746158313_n.png?_nc_cat=107&ccb=1-7&_nc_sid=8024bb&_nc_ohc=ritw4PFRogEAX9ZlrTy&_nc_ht=scontent.fkhi17-1.fna&oh=00_AT_wTGVNtvnIJFz1f7gNyTNFSzvuw6ky2yh0iddOHYZ3wA&oe=628E8EC9,https://scontent.fkhi17-1.fna.fbcdn.net/v/t39.30808-6/283200119_5393064014062768_4766960479746158313_n.png?stp=dst-png_p320x320&_nc_cat=107&ccb=1-7&_nc_sid=8024bb&_nc_ohc=ritw4PFRogEAX9ZlrTy&_nc_ht=scontent.fkhi17-1.fna&oh=00_AT_MrpuJGNIMNuR4Wl_iEkUdkdTVdwZ5nl6AA0fPhUj9aQ&oe=628E8EC9,['https://scontent.fkhi17-1.fna.fbcdn.net/v/t39.30808-6/283200119_5393064014062768_4766960479746158313_n.png?_nc_cat=107&ccb=1-7&_nc_sid=8024bb&_nc_ohc=ritw4PFRogEAX9ZlrTy&_nc_ht=scontent.fkhi17-1.fna&oh=00_AT_wTGVNtvnIJFz1f7gNyTNFSzvuw6ky2yh0iddOHYZ3wA&oe=628E8EC9'],"[""May be an image of 2 people and text that says 'Don't bow your heads before thieves, Imran Khan says during Multan jalsa INTERNATIONAL THENEWS WWW.THENEWS.COM.PK'""]",['https://scontent.fkhi17-1.fna.fbcdn.net/v/t39.30808-6/283200119_5393064014062768_4766960479746158313_n.png?stp=dst-png_p320x320&_nc_cat=107&ccb=1-7&_nc_sid=8024bb&_nc_ohc=ritw4PFRogEAX9ZlrTy&_nc_ht=scontent.fkhi17-1.fna&oh=00_AT_MrpuJGNIMNuR4Wl_iEkUdkdTVdwZ5nl6AA0fPhUj9aQ&oe=628E8EC9'],"[""May be an image of 2 people and text that says 'Don't bow your heads before thieves, Imran Khan says during Multan jalsa INTERNATIONAL THENEWS WWW.THENEWS.COM.PK'""]",,,,,,,,,,101,23,1,https://facebook.com/TheNewsInternational/posts/5393064124062757,https://tinyurl.com/y2q92797,"[{'link': '/story.php?story_fbid=pfbid0skpPezfr2geoDjbPvVmfJttVNCLe8PjXDL8b4gvKBkW6RnFQt4PUdctuwMKJLsbEl&id=131257086910180&locale2=en_US', 'text': 'More'}, {'link': 'https://lm.facebook.com/l.php?u=https%3A%2F%2Ftinyurl.com%2Fy2q92797&h=AT1SSW2uyVjC3uq3c-HuwCp0Xy5PMfJBa01dY6aFzM-RkE3QRXLy9OieiSbC8nTu8H4XtW1z8_Sx3BhgEmYlyLsUdqeFi1Y6MWVhXDdwlNfM8ZWuo-jXOXP5qogkp-N_pq6cFVor5OwSZn7KX-1Y6d_piezLGVGOr0tBKDmCaQbcIXUfIOchjWdZYUTl', 'text': 'https://tinyurl.com/y2q92797'}, {'link': '/hashtag/thenews?locale2=en_US&__tn__=%2As-R', 'text': '#TheNews'}]",131257086910180,The News,https://facebook.com/TheNewsInternational/?locale2=en_US&__tn__=C-R,False,,,,,,,True,,,,,,,131257086910180,,5393064020729434.0,['5393064020729434'],False,1,0.653113
5392163980819438,"So, adulthood did not magically disappear my problems; instead, it made my vision clear about how life would not be a bed of roses for me or anyone else....

Read more: https://www.thenews.com.pk/magazine/us/958748-the-horrors-of-adulting

#TheNews

THENEWS.COM.PK
TheNews Weekly Magazine","So, adulthood did not magically disappear my problems; instead, it made my vision clear about how life would not be a bed of roses for me or anyone else....

Read more: https://www.thenews.com.pk/magazine/us/958748-the-horrors-of-adulting

#TheNews","THENEWS.COM.PK
TheNews Weekly Magazine",,2022-05-20 20:00:05,1653058805,https://www.thenews.com.pk/assets/magazine/images/close_black.png,https://external.fkhi17-1.fna.fbcdn.net/safe_image.php?w=36&h=36&url=https%3A%2F%2Fwww.thenews.com.pk%2Fassets%2Fmagazine%2Fimages%2Fclose_black.png&cfs=1&jq=75&ext=jpg&utld=thenews.com.pk&_nc_oe=7024e&_nc_sid=505865&_nc_o2e=1&ccb=3-6&_nc_hash=AQGNsPCZz0vy8ksh,['https://www.thenews.com.pk/assets/magazine/images/close_black.png'],[],['https://external.fkhi17-1.fna.fbcdn.net/safe_image.php?w=36&h=36&url=https%3A%2F%2Fwww.thenews.com.pk%2Fassets%2Fmagazine%2Fimages%2Fclose_black.png&cfs=1&jq=75&ext=jpg&utld=thenews.com.pk&_nc_oe=7024e&_nc_sid=505865&_nc_o2e=1&ccb=3-6&_nc_hash=AQGNsPCZz0vy8ksh'],[None],,,,,,,,,,1,0,0,https://facebook.com/TheNewsInternational/posts/5392163980819438,https://www.thenews.com.pk/magazine/us/958748-the-horrors-of-adulting,"[{'link': 'https://lm.facebook.com/l.php?u=https%3A%2F%2Fwww.thenews.com.pk%2Fmagazine%2Fus%2F958748-the-horrors-of-adulting&h=AT2X-qDZ4qvzfx95vvomQHJYYFjwsfxoqQjmucRl_r5Lq7YM9lSlpYNQNg4aQP1agxlxtAMQCPiFg5nLW-lo1pFGusO_xHiuWoHvUPuO76QR5YpxXIdzHOKsginyqFBjnjbi--pF2okB_VPnQiGHOWBuGFQ-Y7MPZdb-gXggkzOh9maAIvtodfRIGZMD', 'text': 'https://www.thenews.com.pk/magazine/us/958748-the-horrors-of-adulting'}, {'link': '/hashtag/thenews?locale2=en_US&__tn__=%2As-R', 'text': '#TheNews'}]",131257086910180,The News,https://facebook.com/TheNewsInternational/?locale2=en_US&__tn__=C-R,False,,,,,,,True,,,,,,,131257086910180,,,[],False,1,0.9844991
5392161937486309,"Where love is not a second hand emotion ... And nobody in his heart has words still unspoken...

Read more: https://www.thenews.com.pk/magazine/us/958749-poets-corner

#TheNews

THENEWS.COM.PK
TheNews Weekly Magazine","Where love is not a second hand emotion ... And nobody in his heart has words still unspoken...

Read more: https://www.thenews.com.pk/magazine/us/958749-poets-corner

#TheNews","THENEWS.COM.PK
TheNews Weekly Magazine",,2022-05-20 19:01:05,1653055265,https://www.thenews.com.pk/assets/magazine/images/close_black.png,https://external.fkhi17-1.fna.fbcdn.net/safe_image.php?w=36&h=36&url=https%3A%2F%2Fwww.thenews.com.pk%2Fassets%2Fmagazine%2Fimages%2Fclose_black.png&cfs=1&jq=75&ext=jpg&utld=thenews.com.pk&_nc_oe=7024e&_nc_sid=505865&_nc_o2e=1&ccb=3-6&_nc_hash=AQGNsPCZz0vy8ksh,['https://www.thenews.com.pk/assets/magazine/images/close_black.png'],[],['https://external.fkhi17-1.fna.fbcdn.net/safe_image.php?w=36&h=36&url=https%3A%2F%2Fwww.thenews.com.pk%2Fassets%2Fmagazine%2Fimages%2Fclose_black.png&cfs=1&jq=75&ext=jpg&utld=thenews.com.pk&_nc_oe=7024e&_nc_sid=505865&_nc_o2e=1&ccb=3-6&_nc_hash=AQGNsPCZz0vy8ksh'],[None],,,,,,,,,,0,0,0,https://facebook.com/TheNewsInternational/posts/5392161937486309,https://www.thenews.com.pk/magazine/us/958749-poets-corner,"[{'link': 'https://lm.facebook.com/l.php?u=https%3A%2F%2Fwww.thenews.com.pk%2Fmagazine%2Fus%2F958749-poets-corner&h=AT1aLUPLPZALZ5aqmYviirHn6tmo9iVHm0UlbNsuF-C_9wvlYxGCPrESR_tgNfaBV1V18LiWKMjhGKlbQuBI2L3coah5AMsvFJnGRfFg45TG8eHXJ3Bj7qRI-IAVpIM42l4ZVO2hcrQZf0i1GwgdbcnV_p-c7r8v3IGIxgMkgUABEWG5BiTS-RBEJJbz', 'text': 'https://www.thenews.com.pk/magazine/us/958749-poets-corner'}, {'link': '/hashtag/thenews?locale2=en_US&__tn__=%2As-R', 'text': '#TheNews'}]",131257086910180,The News,https://facebook.com/TheNewsInternational/?locale2=en_US&__tn__=C-R,False,,,,,,,True,,,,,,,131257086910180,,,[],False,1,0.9989469
5392159847486518,"Very passionately to Us during the interview, remained attentive to the kids who came up to her to talk or showcase their work....

Read more: https://www.thenews.com.pk/magazine/us/958751-inside-sarwat-gilanis-art-house

#TheNews

THENEWS.COM.PK
TheNews Weekly Magazine","Very passionately to Us during the interview, remained attentive to the kids who came up to her to talk or showcase their work....

Read more: https://www.thenews.com.pk/magazine/us/958751-inside-sarwat-gilanis-art-house

#TheNews","THENEWS.COM.PK
TheNews Weekly Magazine",,2022-05-20 18:00:02,1653051602,https://www.thenews.com.pk/assets/magazine/images/close_black.png,https://external.fkhi17-1.fna.fbcdn.net/safe_image.php?w=36&h=36&url=https%3A%2F%2Fwww.thenews.com.pk%2Fassets%2Fmagazine%2Fimages%2Fclose_black.png&cfs=1&jq=75&ext=jpg&utld=thenews.com.pk&_nc_oe=7024e&_nc_sid=505865&_nc_o2e=1&ccb=3-6&_nc_hash=AQGNsPCZz0vy8ksh,['https://www.thenews.com.pk/assets/magazine/images/close_black.png'],[],['https://external.fkhi17-1.fna.fbcdn.net/safe_image.php?w=36&h=36&url=https%3A%2F%2Fwww.thenews.com.pk%2Fassets%2Fmagazine%2Fimages%2Fclose_black.png&cfs=1&jq=75&ext=jpg&utld=thenews.com.pk&_nc_oe=7024e&_nc_sid=505865&_nc_o2e=1&ccb=3-6&_nc_hash=AQGNsPCZz0vy8ksh'],[None],,,,,,,,,,0,0,0,https://facebook.com/TheNewsInternational/posts/5392159847486518,https://www.thenews.com.pk/magazine/us/958751-inside-sarwat-gilanis-art-house,"[{'link': 'https://lm.facebook.com/l.php?u=https%3A%2F%2Fwww.thenews.com.pk%2Fmagazine%2Fus%2F958751-inside-sarwat-gilanis-art-house&h=AT2jQLxVCQ9PiCh5fwgCDzVnjdacGTMvVcF7i7u2EfbY4gxfGDN-3qdy4HMwg6zsmV3sV3_1g0LkbNJ3r1ob4KomMR8WpmLQq3q_SKKtcY6ZBDG32vX7in4lrOCV4bOwMGBzx3sf5kR-6ZbFR3M0aXqGHiiEmKP3vfbUVkxG-YfcOF9qx-kxmbJK1DYW', 'text': 'https://www.thenews.com.pk/magazine/us/958751-inside-sarwat-gilanis-art-house'}, {'link': '/hashtag/thenews?locale2=en_US&__tn__=%2As-R', 'text': '#TheNews'}]",131257086910180,The News,https://facebook.com/TheNewsInternational/?locale2=en_US&__tn__=C-R,False,,,,,,,True,,,,,,,131257086910180,,,[],False,1,0.53034496
5392535214115648,"The Pakistani rupee depreciated further by 0.07% against the US dollar in the interbank market on Friday and closed at Rs200.14 amid concerns over the pace of its fall and a lack of support from the central bank.

According to the State Bank of Pakistan (SBP), the rupee, for the first time in the history of Pakistan, closed at Rs200 on Thursday.

In the open market, the rupee was selling at 202 against the greenback, rates released by the Forex Association of Pakistan showed. However, some dealers are selling it at an even higher rate of 203-205 in the market.

Read details: https://www.thenews.com.pk/latest/959284-rupee-further-weakens-us-against-dollar-in-interbank-market

#TheNews","The Pakistani rupee depreciated further by 0.07% against the US dollar in the interbank market on Friday and closed at Rs200.14 amid concerns over the pace of its fall and a lack of support from the central bank.

According to the State Bank of Pakistan (SBP), the rupee, for the first time in the history of Pakistan, closed at Rs200 on Thursday.

In the open market, the rupee was selling at 202 against the greenback, rates released by the Forex Association of Pakistan showed. However, some dealers are selling it at an even higher rate of 203-205 in the market.

Read details: https://www.thenews.com.pk/latest/959284-rupee-further-weakens-us-against-dollar-in-interbank-market

#TheNews",,,2022-05-20 16:59:00,1653047940,https://scontent.fkhi17-1.fna.fbcdn.net/v/t39.30808-6/283245588_5392534864115683_4340339329814590200_n.png?_nc_cat=110&ccb=1-7&_nc_sid=8024bb&_nc_ohc=Ct3921Ndyi8AX_ejHL7&_nc_ht=scontent.fkhi17-1.fna&oh=00_AT9O1kuY63wgWoRpMy_hrYoM2L5olDGJ16AM0Dmgx5gX3w&oe=628FF466,https://scontent.fkhi17-1.fna.fbcdn.net/v/t39.30808-6/283245588_5392534864115683_4340339329814590200_n.png?stp=dst-png_p320x320&_nc_cat=110&ccb=1-7&_nc_sid=8024bb&_nc_ohc=Ct3921Ndyi8AX_ejHL7&_nc_ht=scontent.fkhi17-1.fna&oh=00_AT_X6EZ01hS3n6-HeVJyw_oUxm_tsX9Nk8l0S2Kgmcjm1A&oe=628FF466,['https://scontent.fkhi17-1.fna.fbcdn.net/v/t39.30808-6/283245588_5392534864115683_4340339329814590200_n.png?_nc_cat=110&ccb=1-7&_nc_sid=8024bb&_nc_ohc=Ct3921Ndyi8AX_ejHL7&_nc_ht=scontent.fkhi17-1.fna&oh=00_AT9O1kuY63wgWoRpMy_hrYoM2L5olDGJ16AM0Dmgx5gX3w&oe=628FF466'],"[""May be an image of money and text that says 'FR70- 100 Rupee further weakens against US dollar in interbank market INTERNATIONAL THENEWS WWW.THENEWS.COM.PK'""]",['https://scontent.fkhi17-1.fna.fbcdn.net/v/t39.30808-6/283245588_5392534864115683_4340339329814590200_n.png?stp=dst-png_p320x320&_nc_cat=110&ccb=1-7&_nc_sid=8024bb&_nc_ohc=Ct3921Ndyi8AX_ejHL7&_nc_ht=scontent.fkhi17-1.fna&oh=00_AT_X6EZ01hS3n6-HeVJyw_oUxm_tsX9Nk8l0S2Kgmcjm1A&oe=628FF466'],"[""May be an image of money and text that says 'FR70- 100 Rupee further weakens against US dollar in interbank market INTERNATIONAL THENEWS WWW.THENEWS.COM.PK'""]",,,,,,,,,,15,3,0,https://facebook.com/TheNewsInternational/posts/5392535214115648,https://www.thenews.com.pk/latest/959284-rupee-further-weakens-us-against-dollar-in-interbank-market,"[{'link': '/story.php?story_fbid=pfbid02zi8WKTeUuYZWurJ1VTFoiWmHTq3Tj1tWJKh18kR9tvSWei6SXNFa7LdrTiRPkUrXl&id=131257086910180&locale2=en_US', 'text': 'More'}, {'link': 'https://lm.facebook.com/l.php?u=https%3A%2F%2Fwww.thenews.com.pk%2Flatest%2F959284-rupee-further-weakens-us-against-dollar-in-interbank-market&h=AT3pH7evs4nXMN25S0GMRmGLDkCj12BGZ1BaR0dn1W5jODdT4Bod-r6d5IB46GKQbwXqcsqrnxlSSGINewwy7S1GqIv8DgSYSVT8KVHaBlVg1jLBrHAqnQzoW3iGM19FXG3zCA7uOHdElXCqka_X7HSI36C-7enGqv0bhDAZuV_huszS8p4GXAfA4-Ng', 'text': 'https://www.thenews.com.pk/latest/959284-rupee-further-weakens-us-against-dollar-in-interbank-market'}, {'link': '/hashtag/thenews?locale2=en_US&__tn__=%2As-R', 'text': '#TheNews'}]",131257086910180,The News,https://facebook.com/TheNewsInternational/?locale2=en_US&__tn__=C-R,False,,,,,,,True,,,,,,,131257086910180,,5392534867449016.0,['5392534867449016'],False,1,0.5225884
5392500454119124,"A message by Sheikh Rasheed (Dummy) for Rana Sanaullah.

Don't forget to watch #HasnaManaHai on Saturday at 11pm only on #GeoNews","A message by Sheikh Rasheed (Dummy) for Rana Sanaullah.

Don't forget to watch #HasnaManaHai on Saturday at 11pm only on #GeoNews",,,2022-05-20 16:23:20,1653045800,,https://scontent.fkhi17-1.fna.fbcdn.net/v/t15.5256-10/280834166_1050811298867584_5571675539159045748_n.jpg?stp=cp0_dst-jpg_e15_q65_s320x320&_nc_cat=108&ccb=1-7&_nc_sid=ccf8b3&_nc_ohc=xicQdP7aT94AX93Jtzz&_nc_ht=scontent.fkhi17-1.fna&oh=00_AT9T0MZnRqFUykcScizkRhlzPXAecHBlAzTq4h9E7Hh33A&oe=628EC5E9,[],[],['https://scontent.fkhi17-1.fna.fbcdn.net/v/t15.5256-10/280834166_1050811298867584_5571675539159045748_n.jpg?stp=cp0_dst-jpg_e15_q65_s320x320&_nc_cat=108&ccb=1-7&_nc_sid=ccf8b3&_nc_ohc=xicQdP7aT94AX93Jtzz&_nc_ht=scontent.fkhi17-1.fna&oh=00_AT9T0MZnRqFUykcScizkRhlzPXAecHBlAzTq4h9E7Hh33A&oe=628EC5E9'],[None],https://video.fkhi17-1.fna.fbcdn.net/v/t39.25447-2/283039504_507191034528626_6164957512662177371_n.mp4?_nc_cat=111&vs=5115efb9c25d3b9d&_nc_vs=HBksFQAYJEdCRFgzaEJ5UTNLZFNjMEJBRnZXbXNVeFZJNVZibWRqQUFBRhUAAsgBABUAGCRHUHhSenhDZmZJTGh3MllBQUtKRWJ4S0ZQWjlVYnJGcUFBQUYVAgLIAQBLBogScHJvZ3Jlc3NpdmVfcmVjaXBlATENc3Vic2FtcGxlX2ZwcwAQdm1hZl9lbmFibGVfbnN1YgAgbWVhc3VyZV9vcmlnaW5hbF9yZXNvbHV0aW9uX3NzaW0AKGNvbXB1dGVfc3NpbV9vbmx5X2F0X29yaWdpbmFsX3Jlc29sdXRpb24AEWRpc2FibGVfcG9zdF9wdnFzABUAJQAcAAAmvKyIrZKK%2FwEVkE4oAkMzGAt2dHNfcHJldmlldxwXQDo7peNT988YIGRhc2hfdjRfNXNlY2dvcF9ocTFfZnJhZ18yX3ZpZGVvEgAYGHZpZGVvcy52dHMuY2FsbGJhY2sucHJvZDgSVklERU9fVklFV19SRVFVRVNUGw%2BIFW9lbV90YXJnZXRfZW5jb2RlX3RhZwZvZXBfc2QTb2VtX3JlcXVlc3RfdGltZV9tcwEwDG9lbV9jZmdfcnVsZQpzZF91bm11dGVkE29lbV9yb2lfcmVhY2hfY291bnQGNDQ4NTA4EW9lbV9pc19leHBlcmltZW50AAxvZW1fcm9pX25vdGULcHJvZ3Jlc3NpdmURb2VtX3JvaV91c2VyX3RpZXIAHm9lbV9yb2lfcHJlZGljdGVkX3dhdGNoX3RpbWVfcwEwFm9lbV9yb2lfcmVjaXBlX2JlbmVmaXQFMC4wMDAlb2VtX3JvaV9zdGF0aWNfYmVuZWZpdF9jb3N0X2V2YWx1YXRvcgtwcm9ncmVzc2l2ZQxvZW1fdmlkZW9faWQPMzEyNjc3MzQ3NTU4MDc0Em9lbV92aWRlb19hc3NldF9pZBAxMDUwODA5ODY4ODY3NzI3FW9lbV92aWRlb19yZXNvdXJjZV9pZA81NjA5MjUxOTIwMzEwMDYcb2VtX3NvdXJjZV92aWRlb19lbmNvZGluZ19pZBAxNzUwMzMyMDAxOTc1ODQ5DnZ0c19yZXF1ZXN0X2lkD2YwMjFlMjk0OTM5MTRmNiUCHBwcFfDmFxsBVQACGwFVAAIcFQIAAAAWgLq3AwAlvgEbB4gBcwQ1NjQ0AmNkCjIwMjItMDUtMjADcmNiBjQ0ODUwMANhcHAOQ3JlYXRvciBTdHVkaW8CY3QZQ09OVEFJTkVEX1BPU1RfQVRUQUNITUVOVBNvcmlnaW5hbF9kdXJhdGlvbl9zCTI2LjIzMzMzMwJ0cxRwcm9ncmVzc2l2ZV9vcmRlcmluZwA%3D&ccb=1-7&_nc_sid=a92414&_nc_ohc=XwjxILSMpDgAX8AHuea&_nc_rml=0&_nc_ht=video.fkhi17-1.fna&oh=00_AT_ZSTDDuq3bxT94bYAQQqHCnILmNIxKc4QFy-BSF4c-aw&oe=62905052&_nc_rid=270246744792521,,,312677347558074.0,,,https://scontent.fkhi17-1.fna.fbcdn.net/v/t15.5256-10/280834166_1050811298867584_5571675539159045748_n.jpg?stp=cp0_dst-jpg_e15_q65_s320x320&_nc_cat=108&ccb=1-7&_nc_sid=ccf8b3&_nc_ohc=xicQdP7aT94AX93Jtzz&_nc_ht=scontent.fkhi17-1.fna&oh=00_AT9T0MZnRqFUykcScizkRhlzPXAecHBlAzTq4h9E7Hh33A&oe=628EC5E9,,,2,0,0,https://facebook.com/TheNewsInternational/posts/5392500454119124,,"[{'link': '/hashtag/hasnamanahai?locale2=en_US&__tn__=%2As-R', 'text': '#HasnaManaHai'}, {'link': '/hashtag/geonews?locale2=en_US&__tn__=%2As-R', 'text': '#GeoNews'}]",131257086910180,The News,https://facebook.com/TheNewsInternational/?locale2=en_US&__tn__=C-R,False,,,,,,,True,,,,,,,131257086910180,,,[],False,1,0.99692243
